name,density,surface_tension,dynamic_viscosity,kinematic_viscosity
Diethyl ether (ethoxyethane),708,0.0167,0.00022,3.10734E-07
Dichloromethane (DCM),1318,0.0278,0.00041,3.11077E-07
Trichloromethane (chloroform),1480,0.0267,0.00054,3.64865E-07
Trichloroethylene (TCE),1458,0.0287,0.00055,3.77229E-07
Dimethoxymethane (methylal),854,0.0188,0.00033,3.86417E-07
Methyl acetate,927,0.0245,0.00036,3.8835E-07
Acetone (propanone),786,0.023,0.00031,3.94402E-07
Acrylonitrile (ethenylnitrile),801,0.0267,0.00034,4.24469E-07
Ethyl acetate (ethyl ethanoate),894,0.0232,0.00042,4.69799E-07
Acetonitrile (ethane nitrile),779,0.0287,0.00037,4.74968E-07
2-Butanone (methyl ethyl ketone),799,0.024,0.00041,5.13141E-07
Tetrahydrofuran,880,0.0267,0.00046,5.22727E-07
Nitromethane,1129,0.0363,0.00063,5.58016E-07
n-Heptane,682,0.0198,0.00039,5.71848E-07
Tetrachloromethane (carbon tetrachloride),1583,0.0263,0.00091,5.74858E-07
111-Trichloroethane (methyl chloroform),1330,0.025,0.00079,5.93985E-07
Isopropyl acetate (isopropyl ethanoate),871,0.0223,0.00052,5.97015E-07
Methyl methacrylate,937,0.0242,0.00057,6.08324E-07
Propyl acetate (propyl ethanoate),883,0.0239,0.00054,6.11552E-07
1-2-Dichloroethane (ethylene dichloride),1246,0.0326,0.00078,6.26003E-07
Toluene,865,0.0279,0.00056,6.47399E-07
Methanol (methyl alcohol),787,0.0221,0.00054,6.8615E-07
Benzene,873,0.0282,0.0006,6.87285E-07
4-Methyl-2-pentanone (methyl isobutyl ketone),796,0.0235,0.00055,6.90955E-07
p-Xylene,861,0.0279,0.0006,6.96864E-07
Ethylbenzene,865,0.0286,0.00063,7.28324E-07
Styrene (phenylethene),900,0.032,0.0007,7.77778E-07
2-Methyl propyl ethanoate (isobutyl acetate),869,0.023,0.00068,7.82509E-07
Butyl acetate,876,0.0248,0.00069,7.87671E-07
N-N-Dimethylformamide (DMF),945,0.0344,0.00079,8.35979E-07
Hydrogen peroxide,1449,0.074,0.00125,8.62664E-07
o-Xylene,876,0.0296,0.00076,8.6758E-07
2-Heptanone (methyl n-amyl ketone),811,0.0261,0.00071,8.75462E-07
Water,999,0.0727,0.00089,8.90891E-07
Pyridine,979,0.0367,0.00088,8.98876E-07
Epichlorohydrin (chloromethyloxirane),1174,0.0363,0.00107,9.11414E-07
Hydrazine,950,0.0669,0.00088,9.26316E-07
1-2-Dichlorobenzene,1301,0.0357,0.00132,1.0146E-06
Acetic acid (ethanoic acid),1043,0.027,0.00106,1.0163E-06
1-4-Dioxane,1029,0.0329,0.00118,1.14674E-06
Cyclohexane,773,0.0247,0.00089,1.15136E-06
Benzonitrile,1001,0.0388,0.00127,1.26873E-06
1-2-Dimethoxyethane (DME (ethylene glycol dimethyl ether),865,0.02,0.0011,1.27168E-06
Methanoic acid (formic acid),1214,0.0377,0.00161,1.32619E-06
Benzaldehyde,1040,0.0383,0.0014,1.34615E-06
Ethanol (ethyl alcohol),787,0.022,0.00107,1.35959E-06
N-Methyl-2-pyrrolidine,1025,0.0446,0.00167,1.62927E-06
Acetophenone (1-phenylethanone),1024,0.039,0.00168,1.64063E-06
2-Methoxyethanol (ethylene glycol monomethyl ether),960,0.0428,0.0017,1.77083E-06
Dimethyl sulfoxide (DMSO),1095,0.0429,0.00199,1.81735E-06
Morpholine,997,0.0388,0.00202,2.02608E-06
Propylene carbonate,1200,0.0409,0.0025,2.08333E-06
Cyclohexanone,942,0.0344,0.00202,2.14437E-06
2-Ethoxyethanol (ethylene glycol monoethyl ether),925,0.0288,0.0021,2.27027E-06
1-Propanol (n-propanol),802,0.0209,0.00195,2.43142E-06
Isophorone,920,0.0355,0.00233,2.53261E-06
2-Propanol (isopropyl alcohol),783,0.0233,0.00204,2.60536E-06
Formamide (methanomide),1129,0.057,0.00334,2.95837E-06
1-Butanol (n-butyl alcohol),806,0.025,0.00254,3.15136E-06
Aniline,1018,0.0424,0.00385,3.78193E-06
2-Butanol (sec-butanol),805,0.0226,0.0031,3.85093E-06
2-Furanmethanol (furfuryl alcohol),1127,0.0533,0.00462,4.09938E-06
Dimethylethanolamine (2-(dimethylamino)ethanol),882,0.0516,0.00408,4.62585E-06
2-Methylpropyl alcohol (isobutanol),797,0.0226,0.00395,4.95609E-06
Benzyl alcohol,1041,0.0368,0.00547,5.25456E-06
Octanoic acid (caprylic acid),903,0.0279,0.00502,5.55925E-06
2-Butoxyethanol (ethylene glycol monobutyl ether),896,0.0266,0.0064,7.14286E-06
2-Ethyl-1-hexanol,830,0.0277,0.00627,7.55422E-06
3-Methylphenol (m-Cresol),1030,0.0358,0.0129,1.25243E-05
Ethylene glycol,1111,0.0484,0.0161,1.44914E-05
Dibutyl phthalate,1043,0.0374,0.0166,1.59156E-05
2-Aminoethanol (ethanolamine),1014,0.0483,0.0211,2.08087E-05
Diethylene glycol,1114,0.0551,0.0302,2.71095E-05
1-2-Propanediol (propylene glycol),1033,0.0456,0.0404,3.91094E-05
Cyclohexanol,960,0.0334,0.0575,5.98958E-05
Silicon tetrachloride,1645,0.0188,0.0994,6.04255E-05
Bis(2-ethylhexyl)phthalate (BEHP),980,0.0311,0.08,8.16327E-05
1-3-Butanediol,1002,0.0471,0.0983,9.81038E-05
Triethanolamine,1120,0.0515,0.609,0.00054375
Glycerol,1257,0.0762,0.934,0.000743039
Bis(2-ethylhexyl)phthalate (BEHP)_0.01,998.81,0.072284,0.000930951,9.32061E-07
Bis(2-ethylhexyl)phthalate (BEHP)_0.02,998.62,0.071868,0.000973787,9.75133E-07
Bis(2-ethylhexyl)phthalate (BEHP)_0.03,998.43,0.071452,0.001018594,1.0202E-06
Bis(2-ethylhexyl)phthalate (BEHP)_0.04,998.24,0.071036,0.001065462,1.06734E-06
Bis(2-ethylhexyl)phthalate (BEHP)_0.05,998.05,0.07062,0.001114487,1.11666E-06
Bis(2-ethylhexyl)phthalate (BEHP)_0.06,997.86,0.070204,0.001165768,1.16827E-06
Bis(2-ethylhexyl)phthalate (BEHP)_0.07,997.67,0.069788,0.001219408,1.22226E-06
Bis(2-ethylhexyl)phthalate (BEHP)_0.08,997.48,0.069372,0.001275516,1.27874E-06
Bis(2-ethylhexyl)phthalate (BEHP)_0.09,997.29,0.068956,0.001334206,1.33783E-06
Bis(2-ethylhexyl)phthalate (BEHP)_0.1,997.1,0.06854,0.001395597,1.39966E-06
Bis(2-ethylhexyl)phthalate (BEHP)_0.11,996.91,0.068124,0.001459812,1.46434E-06
Bis(2-ethylhexyl)phthalate (BEHP)_0.12,996.72,0.067708,0.001526982,1.53201E-06
Bis(2-ethylhexyl)phthalate (BEHP)_0.13,996.53,0.067292,0.001597243,1.6028E-06
Bis(2-ethylhexyl)phthalate (BEHP)_0.14,996.34,0.066876,0.001670737,1.67687E-06
Bis(2-ethylhexyl)phthalate (BEHP)_0.15,996.15,0.06646,0.001747612,1.75437E-06
Bis(2-ethylhexyl)phthalate (BEHP)_0.16,995.96,0.066044,0.001828024,1.83544E-06
Bis(2-ethylhexyl)phthalate (BEHP)_0.17,995.77,0.065628,0.001912137,1.92026E-06
Bis(2-ethylhexyl)phthalate (BEHP)_0.18,995.58,0.065212,0.00200012,2.009E-06
Bis(2-ethylhexyl)phthalate (BEHP)_0.19,995.39,0.064796,0.002092151,2.10184E-06
Bis(2-ethylhexyl)phthalate (BEHP)_0.2,995.2,0.06438,0.002188417,2.19897E-06
Bis(2-ethylhexyl)phthalate (BEHP)_0.21,995.01,0.063964,0.002289112,2.30059E-06
Bis(2-ethylhexyl)phthalate (BEHP)_0.22,994.82,0.063548,0.00239444,2.40691E-06
Bis(2-ethylhexyl)phthalate (BEHP)_0.23,994.63,0.063132,0.002504615,2.51814E-06
Bis(2-ethylhexyl)phthalate (BEHP)_0.24,994.44,0.062716,0.00261986,2.63451E-06
Bis(2-ethylhexyl)phthalate (BEHP)_0.25,994.25,0.0623,0.002740407,2.75626E-06
Bis(2-ethylhexyl)phthalate (BEHP)_0.26,994.06,0.061884,0.0028665,2.88363E-06
Bis(2-ethylhexyl)phthalate (BEHP)_0.27,993.87,0.061468,0.002998396,3.01689E-06
Bis(2-ethylhexyl)phthalate (BEHP)_0.28,993.68,0.061052,0.003136361,3.15631E-06
Bis(2-ethylhexyl)phthalate (BEHP)_0.29,993.49,0.060636,0.003280673,3.30217E-06
Bis(2-ethylhexyl)phthalate (BEHP)_0.3,993.3,0.06022,0.003431626,3.45477E-06
Bis(2-ethylhexyl)phthalate (BEHP)_0.31,993.11,0.059804,0.003589525,3.61443E-06
Bis(2-ethylhexyl)phthalate (BEHP)_0.32,992.92,0.059388,0.003754689,3.78146E-06
Bis(2-ethylhexyl)phthalate (BEHP)_0.33,992.73,0.058972,0.003927453,3.95621E-06
Bis(2-ethylhexyl)phthalate (BEHP)_0.34,992.54,0.058556,0.004108166,4.13904E-06
Bis(2-ethylhexyl)phthalate (BEHP)_0.35,992.35,0.05814,0.004297194,4.33032E-06
Bis(2-ethylhexyl)phthalate (BEHP)_0.36,992.16,0.057724,0.00449492,4.53044E-06
Bis(2-ethylhexyl)phthalate (BEHP)_0.37,991.97,0.057308,0.004701744,4.7398E-06
Bis(2-ethylhexyl)phthalate (BEHP)_0.38,991.78,0.056892,0.004918085,4.95885E-06
Bis(2-ethylhexyl)phthalate (BEHP)_0.39,991.59,0.056476,0.00514438,5.18801E-06
Bis(2-ethylhexyl)phthalate (BEHP)_0.4,991.4,0.05606,0.005381087,5.42777E-06
Bis(2-ethylhexyl)phthalate (BEHP)_0.41,991.21,0.055644,0.005628686,5.6786E-06
Bis(2-ethylhexyl)phthalate (BEHP)_0.42,991.02,0.055228,0.005887677,5.94103E-06
Bis(2-ethylhexyl)phthalate (BEHP)_0.43,990.83,0.054812,0.006158586,6.21558E-06
Bis(2-ethylhexyl)phthalate (BEHP)_0.44,990.64,0.054396,0.00644196,6.50283E-06
Bis(2-ethylhexyl)phthalate (BEHP)_0.45,990.45,0.05398,0.006738372,6.80334E-06
Bis(2-ethylhexyl)phthalate (BEHP)_0.46,990.26,0.053564,0.007048424,7.11775E-06
Bis(2-ethylhexyl)phthalate (BEHP)_0.47,990.07,0.053148,0.007372741,7.44669E-06
Bis(2-ethylhexyl)phthalate (BEHP)_0.48,989.88,0.052732,0.007711982,7.79082E-06
Bis(2-ethylhexyl)phthalate (BEHP)_0.49,989.69,0.052316,0.008066832,8.15087E-06
Bis(2-ethylhexyl)phthalate (BEHP)_0.5,989.5,0.0519,0.008438009,8.52755E-06
Bis(2-ethylhexyl)phthalate (BEHP)_0.51,989.31,0.051484,0.008826266,8.92164E-06
Bis(2-ethylhexyl)phthalate (BEHP)_0.52,989.12,0.051068,0.009232387,9.33394E-06
Bis(2-ethylhexyl)phthalate (BEHP)_0.53,988.93,0.050652,0.009657195,9.7653E-06
Bis(2-ethylhexyl)phthalate (BEHP)_0.54,988.74,0.050236,0.010101549,1.02166E-05
Bis(2-ethylhexyl)phthalate (BEHP)_0.55,988.55,0.04982,0.01056635,1.06887E-05
Bis(2-ethylhexyl)phthalate (BEHP)_0.56,988.36,0.049404,0.011052537,1.11827E-05
Bis(2-ethylhexyl)phthalate (BEHP)_0.57,988.17,0.048988,0.011561096,1.16995E-05
Bis(2-ethylhexyl)phthalate (BEHP)_0.58,987.98,0.048572,0.012093054,1.22402E-05
Bis(2-ethylhexyl)phthalate (BEHP)_0.59,987.79,0.048156,0.012649489,1.28058E-05
Bis(2-ethylhexyl)phthalate (BEHP)_0.6,987.6,0.04774,0.013231528,1.33977E-05
Bis(2-ethylhexyl)phthalate (BEHP)_0.61,987.41,0.047324,0.013840348,1.40168E-05
Bis(2-ethylhexyl)phthalate (BEHP)_0.62,987.22,0.046908,0.014477181,1.46646E-05
Bis(2-ethylhexyl)phthalate (BEHP)_0.63,987.03,0.046492,0.015143316,1.53423E-05
Bis(2-ethylhexyl)phthalate (BEHP)_0.64,986.84,0.046076,0.015840103,1.60513E-05
Bis(2-ethylhexyl)phthalate (BEHP)_0.65,986.65,0.04566,0.01656895,1.67931E-05
Bis(2-ethylhexyl)phthalate (BEHP)_0.66,986.46,0.045244,0.017331334,1.75692E-05
Bis(2-ethylhexyl)phthalate (BEHP)_0.67,986.27,0.044828,0.018128797,1.83812E-05
Bis(2-ethylhexyl)phthalate (BEHP)_0.68,986.08,0.044412,0.018962954,1.92306E-05
Bis(2-ethylhexyl)phthalate (BEHP)_0.69,985.89,0.043996,0.019835493,2.01194E-05
Bis(2-ethylhexyl)phthalate (BEHP)_0.7,985.7,0.04358,0.020748179,2.10492E-05
Bis(2-ethylhexyl)phthalate (BEHP)_0.71,985.51,0.043164,0.021702861,2.2022E-05
Bis(2-ethylhexyl)phthalate (BEHP)_0.72,985.32,0.042748,0.022701471,2.30397E-05
Bis(2-ethylhexyl)phthalate (BEHP)_0.73,985.13,0.042332,0.023746029,2.41045E-05
Bis(2-ethylhexyl)phthalate (BEHP)_0.74,984.94,0.041916,0.02483865,2.52184E-05
Bis(2-ethylhexyl)phthalate (BEHP)_0.75,984.75,0.0415,0.025981546,2.63839E-05
Bis(2-ethylhexyl)phthalate (BEHP)_0.76,984.56,0.041084,0.02717703,2.76032E-05
Bis(2-ethylhexyl)phthalate (BEHP)_0.77,984.37,0.040668,0.028427521,2.88789E-05
Bis(2-ethylhexyl)phthalate (BEHP)_0.78,984.18,0.040252,0.029735551,3.02135E-05
Bis(2-ethylhexyl)phthalate (BEHP)_0.79,983.99,0.039836,0.031103767,3.16098E-05
Bis(2-ethylhexyl)phthalate (BEHP)_0.8,983.8,0.03942,0.032534939,3.30707E-05
Bis(2-ethylhexyl)phthalate (BEHP)_0.81,983.61,0.039004,0.034031962,3.4599E-05
Bis(2-ethylhexyl)phthalate (BEHP)_0.82,983.42,0.038588,0.035597868,3.6198E-05
Bis(2-ethylhexyl)phthalate (BEHP)_0.83,983.23,0.038172,0.037235826,3.78709E-05
Bis(2-ethylhexyl)phthalate (BEHP)_0.84,983.04,0.037756,0.038949151,3.96211E-05
Bis(2-ethylhexyl)phthalate (BEHP)_0.85,982.85,0.03734,0.04074131,4.14522E-05
Bis(2-ethylhexyl)phthalate (BEHP)_0.86,982.66,0.036924,0.042615932,4.33679E-05
Bis(2-ethylhexyl)phthalate (BEHP)_0.87,982.47,0.036508,0.04457681,4.53722E-05
Bis(2-ethylhexyl)phthalate (BEHP)_0.88,982.28,0.036092,0.046627914,4.74691E-05
Bis(2-ethylhexyl)phthalate (BEHP)_0.89,982.09,0.035676,0.048773395,4.96629E-05
Bis(2-ethylhexyl)phthalate (BEHP)_0.9,981.9,0.03526,0.051017596,5.1958E-05
Bis(2-ethylhexyl)phthalate (BEHP)_0.91,981.71,0.034844,0.053365058,5.43593E-05
Bis(2-ethylhexyl)phthalate (BEHP)_0.92,981.52,0.034428,0.055820534,5.68715E-05
Bis(2-ethylhexyl)phthalate (BEHP)_0.93,981.33,0.034012,0.058388993,5.94999E-05
Bis(2-ethylhexyl)phthalate (BEHP)_0.94,981.14,0.033596,0.061075635,6.22497E-05
Bis(2-ethylhexyl)phthalate (BEHP)_0.95,980.95,0.03318,0.063885896,6.51266E-05
Bis(2-ethylhexyl)phthalate (BEHP)_0.96,980.76,0.032764,0.066825465,6.81364E-05
Bis(2-ethylhexyl)phthalate (BEHP)_0.97,980.57,0.032348,0.069900292,7.12854E-05
Bis(2-ethylhexyl)phthalate (BEHP)_0.98,980.38,0.031932,0.0731166,7.45799E-05
Bis(2-ethylhexyl)phthalate (BEHP)_0.99,980.19,0.031516,0.0764809,7.80266E-05
1-3-Butanediol_0.01,999.03,0.072444,0.000932871,9.33777E-07
1-3-Butanediol_0.02,999.06,0.072188,0.000977807,9.78727E-07
1-3-Butanediol_0.03,999.09,0.071932,0.001024908,1.02584E-06
1-3-Butanediol_0.04,999.12,0.071676,0.001074278,1.07522E-06
1-3-Butanediol_0.05,999.15,0.07142,0.001126025,1.12698E-06
1-3-Butanediol_0.06,999.18,0.071164,0.001180266,1.18123E-06
1-3-Butanediol_0.07,999.21,0.070908,0.001237119,1.2381E-06
1-3-Butanediol_0.08,999.24,0.070652,0.001296711,1.2977E-06
1-3-Butanediol_0.09,999.27,0.070396,0.001359173,1.36017E-06
1-3-Butanediol_0.1,999.3,0.07014,0.001424644,1.42564E-06
1-3-Butanediol_0.11,999.33,0.069884,0.001493269,1.49427E-06
1-3-Butanediol_0.12,999.36,0.069628,0.001565199,1.5662E-06
1-3-Butanediol_0.13,999.39,0.069372,0.001640595,1.6416E-06
1-3-Butanediol_0.14,999.42,0.069116,0.001719622,1.72062E-06
1-3-Butanediol_0.15,999.45,0.06886,0.001802455,1.80345E-06
1-3-Butanediol_0.16,999.48,0.068604,0.001889279,1.89026E-06
1-3-Butanediol_0.17,999.51,0.068348,0.001980285,1.98126E-06
1-3-Butanediol_0.18,999.54,0.068092,0.002075675,2.07663E-06
1-3-Butanediol_0.19,999.57,0.067836,0.00217566,2.1766E-06
1-3-Butanediol_0.2,999.6,0.06758,0.002280461,2.28137E-06
1-3-Butanediol_0.21,999.63,0.067324,0.002390311,2.3912E-06
1-3-Butanediol_0.22,999.66,0.067068,0.002505451,2.5063E-06
1-3-Butanediol_0.23,999.69,0.066812,0.002626138,2.62695E-06
1-3-Butanediol_0.24,999.72,0.066556,0.002752639,2.75341E-06
1-3-Butanediol_0.25,999.75,0.0663,0.002885233,2.88595E-06
1-3-Butanediol_0.26,999.78,0.066044,0.003024214,3.02488E-06
1-3-Butanediol_0.27,999.81,0.065788,0.00316989,3.17049E-06
1-3-Butanediol_0.28,999.84,0.065532,0.003322583,3.32311E-06
1-3-Butanediol_0.29,999.87,0.065276,0.003482631,3.48308E-06
1-3-Butanediol_0.3,999.9,0.06502,0.003650388,3.65075E-06
1-3-Butanediol_0.31,999.93,0.064764,0.003826227,3.82649E-06
1-3-Butanediol_0.32,999.96,0.064508,0.004010535,4.0107E-06
1-3-Butanediol_0.33,999.99,0.064252,0.004203722,4.20376E-06
1-3-Butanediol_0.34,1000.02,0.063996,0.004406214,4.40613E-06
1-3-Butanediol_0.35,1000.05,0.06374,0.004618461,4.61823E-06
1-3-Butanediol_0.36,1000.08,0.063484,0.004840931,4.84054E-06
1-3-Butanediol_0.37,1000.11,0.063228,0.005074117,5.07356E-06
1-3-Butanediol_0.38,1000.14,0.062972,0.005318536,5.31779E-06
1-3-Butanediol_0.39,1000.17,0.062716,0.005574729,5.57378E-06
1-3-Butanediol_0.4,1000.2,0.06246,0.005843263,5.84209E-06
1-3-Butanediol_0.41,1000.23,0.062204,0.006124731,6.12332E-06
1-3-Butanediol_0.42,1000.26,0.061948,0.006419758,6.41809E-06
1-3-Butanediol_0.43,1000.29,0.061692,0.006728997,6.72705E-06
1-3-Butanediol_0.44,1000.32,0.061436,0.007053131,7.05087E-06
1-3-Butanediol_0.45,1000.35,0.06118,0.007392879,7.39029E-06
1-3-Butanediol_0.46,1000.38,0.060924,0.007748992,7.74605E-06
1-3-Butanediol_0.47,1000.41,0.060668,0.008122259,8.11893E-06
1-3-Butanediol_0.48,1000.44,0.060412,0.008513507,8.50976E-06
1-3-Butanediol_0.49,1000.47,0.060156,0.008923601,8.91941E-06
1-3-Butanediol_0.5,1000.5,0.0599,0.009353449,9.34877E-06
1-3-Butanediol_0.51,1000.53,0.059644,0.009804002,9.79881E-06
1-3-Butanediol_0.52,1000.56,0.059388,0.010276259,1.02705E-05
1-3-Butanediol_0.53,1000.59,0.059132,0.010771264,1.07649E-05
1-3-Butanediol_0.54,1000.62,0.058876,0.011290113,1.12831E-05
1-3-Butanediol_0.55,1000.65,0.05862,0.011833956,1.18263E-05
1-3-Butanediol_0.56,1000.68,0.058364,0.012403995,1.23956E-05
1-3-Butanediol_0.57,1000.71,0.058108,0.013001492,1.29923E-05
1-3-Butanediol_0.58,1000.74,0.057852,0.013627772,1.36177E-05
1-3-Butanediol_0.59,1000.77,0.057596,0.014284218,1.42732E-05
1-3-Butanediol_0.6,1000.8,0.05734,0.014972286,1.49603E-05
1-3-Butanediol_0.61,1000.83,0.057084,0.015693498,1.56805E-05
1-3-Butanediol_0.62,1000.86,0.056828,0.01644945,1.64353E-05
1-3-Butanediol_0.63,1000.89,0.056572,0.017241816,1.72265E-05
1-3-Butanediol_0.64,1000.92,0.056316,0.018072351,1.80557E-05
1-3-Butanediol_0.65,1000.95,0.05606,0.018942892,1.89249E-05
1-3-Butanediol_0.66,1000.98,0.055804,0.019855367,1.98359E-05
1-3-Butanediol_0.67,1001.01,0.055548,0.020811796,2.07908E-05
1-3-Butanediol_0.68,1001.04,0.055292,0.021814296,2.17916E-05
1-3-Butanediol_0.69,1001.07,0.055036,0.022865085,2.28406E-05
1-3-Butanediol_0.7,1001.1,0.05478,0.023966492,2.39402E-05
1-3-Butanediol_0.71,1001.13,0.054524,0.025120952,2.50926E-05
1-3-Butanediol_0.72,1001.16,0.054268,0.026331023,2.63005E-05
1-3-Butanediol_0.73,1001.19,0.054012,0.027599383,2.75666E-05
1-3-Butanediol_0.74,1001.22,0.053756,0.028928839,2.88936E-05
1-3-Butanediol_0.75,1001.25,0.0535,0.030322335,3.02845E-05
1-3-Butanediol_0.76,1001.28,0.053244,0.031782955,3.17423E-05
1-3-Butanediol_0.77,1001.31,0.052988,0.033313933,3.32703E-05
1-3-Butanediol_0.78,1001.34,0.052732,0.034918658,3.48719E-05
1-3-Butanediol_0.79,1001.37,0.052476,0.036600682,3.65506E-05
1-3-Butanediol_0.8,1001.4,0.05222,0.038363729,3.83101E-05
1-3-Butanediol_0.81,1001.43,0.051964,0.040211702,4.01543E-05
1-3-Butanediol_0.82,1001.46,0.051708,0.04214869,4.20872E-05
1-3-Butanediol_0.83,1001.49,0.051452,0.044178984,4.41133E-05
1-3-Butanediol_0.84,1001.52,0.051196,0.046307076,4.62368E-05
1-3-Butanediol_0.85,1001.55,0.05094,0.048537677,4.84626E-05
1-3-Butanediol_0.86,1001.58,0.050684,0.050875727,5.07955E-05
1-3-Butanediol_0.87,1001.61,0.050428,0.053326399,5.32407E-05
1-3-Butanediol_0.88,1001.64,0.050172,0.05589512,5.58036E-05
1-3-Butanediol_0.89,1001.67,0.049916,0.058587576,5.84899E-05
1-3-Butanediol_0.9,1001.7,0.04966,0.061409727,6.13055E-05
1-3-Butanediol_0.91,1001.73,0.049404,0.06436782,6.42567E-05
1-3-Butanediol_0.92,1001.76,0.049148,0.067468404,6.73499E-05
1-3-Butanediol_0.93,1001.79,0.048892,0.070718342,7.0592E-05
1-3-Butanediol_0.94,1001.82,0.048636,0.074124829,7.39902E-05
1-3-Butanediol_0.95,1001.85,0.04838,0.077695406,7.75519E-05
1-3-Butanediol_0.96,1001.88,0.048124,0.081437977,8.12852E-05
1-3-Butanediol_0.97,1001.91,0.047868,0.085360827,8.51981E-05
1-3-Butanediol_0.98,1001.94,0.047612,0.089472639,8.92994E-05
1-3-Butanediol_0.99,1001.97,0.047356,0.093782517,9.35981E-05
Triethanolamine_0.01,1000.21,0.072488,0.000950041,9.49841E-07
Triethanolamine_0.02,1001.42,0.072276,0.001014132,1.01269E-06
Triethanolamine_0.03,1002.63,0.072064,0.001082547,1.07971E-06
Triethanolamine_0.04,1003.84,0.071852,0.001155578,1.15116E-06
Triethanolamine_0.05,1005.05,0.07164,0.001233535,1.22734E-06
Triethanolamine_0.06,1006.26,0.071428,0.001316751,1.30856E-06
Triethanolamine_0.07,1007.47,0.071216,0.001405581,1.39516E-06
Triethanolamine_0.08,1008.68,0.071004,0.001500404,1.48749E-06
Triethanolamine_0.09,1009.89,0.070792,0.001601624,1.58594E-06
Triethanolamine_0.1,1011.1,0.07058,0.001709672,1.6909E-06
Triethanolamine_0.11,1012.31,0.070368,0.001825009,1.80282E-06
Triethanolamine_0.12,1013.52,0.070156,0.001948127,1.92214E-06
Triethanolamine_0.13,1014.73,0.069944,0.002079551,2.04936E-06
Triethanolamine_0.14,1015.94,0.069732,0.002219841,2.18501E-06
Triethanolamine_0.15,1017.15,0.06952,0.002369595,2.32964E-06
Triethanolamine_0.16,1018.36,0.069308,0.002529452,2.48385E-06
Triethanolamine_0.17,1019.57,0.069096,0.002700093,2.64827E-06
Triethanolamine_0.18,1020.78,0.068884,0.002882245,2.82357E-06
Triethanolamine_0.19,1021.99,0.068672,0.003076686,3.01049E-06
Triethanolamine_0.2,1023.2,0.06846,0.003284244,3.20978E-06
Triethanolamine_0.21,1024.41,0.068248,0.003505805,3.42227E-06
Triethanolamine_0.22,1025.62,0.068036,0.003742312,3.64883E-06
Triethanolamine_0.23,1026.83,0.067824,0.003994775,3.8904E-06
Triethanolamine_0.24,1028.04,0.067612,0.004264269,4.14796E-06
Triethanolamine_0.25,1029.25,0.0674,0.004551943,4.42258E-06
Triethanolamine_0.26,1030.46,0.067188,0.004859025,4.71539E-06
Triethanolamine_0.27,1031.67,0.066976,0.005186822,5.0276E-06
Triethanolamine_0.28,1032.88,0.066764,0.005536734,5.36048E-06
Triethanolamine_0.29,1034.09,0.066552,0.005910251,5.71541E-06
Triethanolamine_0.3,1035.3,0.06634,0.006308966,6.09385E-06
Triethanolamine_0.31,1036.51,0.066128,0.006734579,6.49736E-06
Triethanolamine_0.32,1037.72,0.065916,0.007188905,6.9276E-06
Triethanolamine_0.33,1038.93,0.065704,0.00767388,7.38633E-06
Triethanolamine_0.34,1040.14,0.065492,0.008191573,7.87545E-06
Triethanolamine_0.35,1041.35,0.06528,0.008744189,8.39697E-06
Triethanolamine_0.36,1042.56,0.065068,0.009334087,8.95305E-06
Triethanolamine_0.37,1043.77,0.064856,0.009963779,9.54595E-06
Triethanolamine_0.38,1044.98,0.064644,0.010635952,1.01781E-05
Triethanolamine_0.39,1046.19,0.064432,0.011353471,1.08522E-05
Triethanolamine_0.4,1047.4,0.06422,0.012119394,1.15709E-05
Triethanolamine_0.41,1048.61,0.064008,0.012936989,1.23373E-05
Triethanolamine_0.42,1049.82,0.063796,0.013809739,1.31544E-05
Triethanolamine_0.43,1051.03,0.063584,0.014741366,1.40256E-05
Triethanolamine_0.44,1052.24,0.063372,0.015735843,1.49546E-05
Triethanolamine_0.45,1053.45,0.06316,0.016797409,1.59451E-05
Triethanolamine_0.46,1054.66,0.062948,0.017930589,1.70013E-05
Triethanolamine_0.47,1055.87,0.062736,0.019140216,1.81274E-05
Triethanolamine_0.48,1057.08,0.062524,0.020431446,1.93282E-05
Triethanolamine_0.49,1058.29,0.062312,0.021809785,2.06085E-05
Triethanolamine_0.5,1059.5,0.0621,0.023281108,2.19737E-05
Triethanolamine_0.51,1060.71,0.061888,0.02485169,2.34293E-05
Triethanolamine_0.52,1061.92,0.061676,0.026528225,2.49814E-05
Triethanolamine_0.53,1063.13,0.061464,0.028317862,2.66363E-05
Triethanolamine_0.54,1064.34,0.061252,0.030228232,2.84009E-05
Triethanolamine_0.55,1065.55,0.06104,0.032267477,3.02825E-05
Triethanolamine_0.56,1066.76,0.060828,0.034444294,3.22887E-05
Triethanolamine_0.57,1067.97,0.060616,0.036767962,3.44279E-05
Triethanolamine_0.58,1069.18,0.060404,0.039248389,3.67089E-05
Triethanolamine_0.59,1070.39,0.060192,0.041896149,3.9141E-05
Triethanolamine_0.6,1071.6,0.05998,0.044722531,4.17344E-05
Triethanolamine_0.61,1072.81,0.059768,0.047739586,4.44996E-05
Triethanolamine_0.62,1074.02,0.059556,0.050960177,4.74481E-05
Triethanolamine_0.63,1075.23,0.059344,0.054398033,5.0592E-05
Triethanolamine_0.64,1076.44,0.059132,0.058067813,5.39443E-05
Triethanolamine_0.65,1077.65,0.05892,0.061985162,5.75188E-05
Triethanolamine_0.66,1078.86,0.058708,0.066166782,6.13303E-05
Triethanolamine_0.67,1080.07,0.058496,0.070630501,6.53944E-05
Triethanolamine_0.68,1081.28,0.058284,0.07539535,6.97279E-05
Triethanolamine_0.69,1082.49,0.058072,0.080481643,7.43486E-05
Triethanolamine_0.7,1083.7,0.05786,0.085911066,7.92757E-05
Triethanolamine_0.71,1084.91,0.057648,0.091706766,8.45294E-05
Triethanolamine_0.72,1086.12,0.057436,0.097893454,9.01313E-05
Triethanolamine_0.73,1087.33,0.057224,0.104497506,9.61047E-05
Triethanolamine_0.74,1088.54,0.057012,0.111547078,0.000102474
Triethanolamine_0.75,1089.75,0.0568,0.119072226,0.000109266
Triethanolamine_0.76,1090.96,0.056588,0.127105032,0.000116508
Triethanolamine_0.77,1092.17,0.056376,0.135679744,0.00012423
Triethanolamine_0.78,1093.38,0.056164,0.144832921,0.000132463
Triethanolamine_0.79,1094.59,0.055952,0.154603586,0.000141243
Triethanolamine_0.8,1095.8,0.05574,0.165033396,0.000150605
Triethanolamine_0.81,1097.01,0.055528,0.176166817,0.000160588
Triethanolamine_0.82,1098.22,0.055316,0.188051318,0.000171233
Triethanolamine_0.83,1099.43,0.055104,0.200737566,0.000182583
Triethanolamine_0.84,1100.64,0.054892,0.214279649,0.000194686
Triethanolamine_0.85,1101.85,0.05468,0.228735304,0.000207592
Triethanolamine_0.86,1103.06,0.054468,0.24416616,0.000221353
Triethanolamine_0.87,1104.27,0.054256,0.260638007,0.000236027
Triethanolamine_0.88,1105.48,0.054044,0.278221071,0.000251674
Triethanolamine_0.89,1106.69,0.053832,0.296990318,0.000268359
Triethanolamine_0.9,1107.9,0.05362,0.317025769,0.00028615
Triethanolamine_0.91,1109.11,0.053408,0.338412843,0.000305121
Triethanolamine_0.92,1110.32,0.053196,0.361242725,0.00032535
Triethanolamine_0.93,1111.53,0.052984,0.385612748,0.000346921
Triethanolamine_0.94,1112.74,0.052772,0.411626812,0.000369922
Triethanolamine_0.95,1113.95,0.05256,0.439395827,0.000394448
Triethanolamine_0.96,1115.16,0.052348,0.469038186,0.000420602
Triethanolamine_0.97,1116.37,0.052136,0.500680266,0.00044849
Triethanolamine_0.98,1117.58,0.051924,0.534456972,0.000478227
Triethanolamine_0.99,1118.79,0.051712,0.57051231,0.000509937
Glycerol_0.01,1001.58,0.072735,0.000954112,9.52607E-07
Glycerol_0.02,1004.16,0.07277,0.001022843,1.01861E-06
Glycerol_0.03,1006.74,0.072805,0.001096525,1.08918E-06
Glycerol_0.04,1009.32,0.07284,0.001175515,1.16466E-06
Glycerol_0.05,1011.9,0.072875,0.001260195,1.24538E-06
Glycerol_0.06,1014.48,0.07291,0.001350975,1.33169E-06
Glycerol_0.07,1017.06,0.072945,0.001448295,1.424E-06
Glycerol_0.08,1019.64,0.07298,0.001552625,1.52272E-06
Glycerol_0.09,1022.22,0.073015,0.001664471,1.62829E-06
Glycerol_0.1,1024.8,0.07305,0.001784373,1.74119E-06
Glycerol_0.11,1027.38,0.073085,0.001912913,1.86193E-06
Glycerol_0.12,1029.96,0.07312,0.002050713,1.99106E-06
Glycerol_0.13,1032.54,0.073155,0.002198439,2.12916E-06
Glycerol_0.14,1035.12,0.07319,0.002356807,2.27684E-06
Glycerol_0.15,1037.7,0.073225,0.002526583,2.43479E-06
Glycerol_0.16,1040.28,0.07326,0.002708589,2.60371E-06
Glycerol_0.17,1042.86,0.073295,0.002903706,2.78437E-06
Glycerol_0.18,1045.44,0.07333,0.003112879,2.97758E-06
Glycerol_0.19,1048.02,0.073365,0.00333712,3.18421E-06
Glycerol_0.2,1050.6,0.0734,0.003577514,3.40521E-06
Glycerol_0.21,1053.18,0.073435,0.003835226,3.64157E-06
Glycerol_0.22,1055.76,0.07347,0.004111502,3.89435E-06
Glycerol_0.23,1058.34,0.073505,0.00440768,4.16471E-06
Glycerol_0.24,1060.92,0.07354,0.004725194,4.45386E-06
Glycerol_0.25,1063.5,0.073575,0.005065581,4.76312E-06
Glycerol_0.26,1066.08,0.07361,0.005430487,5.09388E-06
Glycerol_0.27,1068.66,0.073645,0.00582168,5.44765E-06
Glycerol_0.28,1071.24,0.07368,0.006241054,5.82601E-06
Glycerol_0.29,1073.82,0.073715,0.006690637,6.23069E-06
Glycerol_0.3,1076.4,0.07375,0.007172608,6.66351E-06
Glycerol_0.31,1078.98,0.073785,0.007689297,7.12645E-06
Glycerol_0.32,1081.56,0.07382,0.008243207,7.62159E-06
Glycerol_0.33,1084.14,0.073855,0.008837019,8.15118E-06
Glycerol_0.34,1086.72,0.07389,0.009473607,8.71761E-06
Glycerol_0.35,1089.3,0.073925,0.010156052,9.32347E-06
Glycerol_0.36,1091.88,0.07396,0.010887658,9.97148E-06
Glycerol_0.37,1094.46,0.073995,0.011671967,1.06646E-05
Glycerol_0.38,1097.04,0.07403,0.012512774,1.14059E-05
Glycerol_0.39,1099.62,0.074065,0.013414151,1.21989E-05
Glycerol_0.4,1102.2,0.0741,0.014380459,1.30471E-05
Glycerol_0.41,1104.78,0.074135,0.015416377,1.39543E-05
Glycerol_0.42,1107.36,0.07417,0.016526919,1.49246E-05
Glycerol_0.43,1109.94,0.074205,0.01771746,1.59625E-05
Glycerol_0.44,1112.52,0.07424,0.018993764,1.70727E-05
Glycerol_0.45,1115.1,0.074275,0.020362008,1.82603E-05
Glycerol_0.46,1117.68,0.07431,0.021828815,1.95305E-05
Glycerol_0.47,1120.26,0.074345,0.023401287,2.08892E-05
Glycerol_0.48,1122.84,0.07438,0.025087033,2.23425E-05
Glycerol_0.49,1125.42,0.074415,0.026894215,2.3897E-05
Glycerol_0.5,1128,0.07445,0.02883158,2.55599E-05
Glycerol_0.51,1130.58,0.074485,0.030908506,2.73386E-05
Glycerol_0.52,1133.16,0.07452,0.033135046,2.92413E-05
Glycerol_0.53,1135.74,0.074555,0.035521979,3.12765E-05
Glycerol_0.54,1138.32,0.07459,0.038080857,3.34536E-05
Glycerol_0.55,1140.9,0.074625,0.040824069,3.57823E-05
Glycerol_0.56,1143.48,0.07466,0.043764891,3.82734E-05
Glycerol_0.57,1146.06,0.074695,0.04691756,4.09381E-05
Glycerol_0.58,1148.64,0.07473,0.050297337,4.37886E-05
Glycerol_0.59,1151.22,0.074765,0.053920581,4.68378E-05
Glycerol_0.6,1153.8,0.0748,0.05780483,5.00995E-05
Glycerol_0.61,1156.38,0.074835,0.061968887,5.35887E-05
Glycerol_0.62,1158.96,0.07487,0.066432908,5.73211E-05
Glycerol_0.63,1161.54,0.074905,0.071218502,6.13139E-05
Glycerol_0.64,1164.12,0.07494,0.076348833,6.5585E-05
Glycerol_0.65,1166.7,0.074975,0.081848735,7.01541E-05
Glycerol_0.66,1169.28,0.07501,0.087744831,7.50418E-05
Glycerol_0.67,1171.86,0.075045,0.09406566,8.02704E-05
Glycerol_0.68,1174.44,0.07508,0.100841821,8.58637E-05
Glycerol_0.69,1177.02,0.075115,0.108106112,9.18473E-05
Glycerol_0.7,1179.6,0.07515,0.115893697,9.82483E-05
Glycerol_0.71,1182.18,0.075185,0.124242272,0.000105096
Glycerol_0.72,1184.76,0.07522,0.133192249,0.000112421
Glycerol_0.73,1187.34,0.075255,0.142786951,0.000120258
Glycerol_0.74,1189.92,0.07529,0.153072822,0.000128641
Glycerol_0.75,1192.5,0.075325,0.164099652,0.00013761
Glycerol_0.76,1195.08,0.07536,0.175920815,0.000147204
Glycerol_0.77,1197.66,0.075395,0.188593533,0.000157468
Glycerol_0.78,1200.24,0.07543,0.202179149,0.000168449
Glycerol_0.79,1202.82,0.075465,0.216743426,0.000180196
Glycerol_0.8,1205.4,0.0755,0.232356862,0.000192763
Glycerol_0.81,1207.98,0.075535,0.249095035,0.000206208
Glycerol_0.82,1210.56,0.07557,0.267038967,0.000220591
Glycerol_0.83,1213.14,0.075605,0.286275517,0.000235979
Glycerol_0.84,1215.72,0.07564,0.306897801,0.000252441
Glycerol_0.85,1218.3,0.075675,0.329005642,0.000270053
Glycerol_0.86,1220.88,0.07571,0.352706054,0.000288895
Glycerol_0.87,1223.46,0.075745,0.378113761,0.000309053
Glycerol_0.88,1226.04,0.07578,0.40535175,0.000330619
Glycerol_0.89,1228.62,0.075815,0.434551867,0.000353691
Glycerol_0.9,1231.2,0.07585,0.465855459,0.000378375
Glycerol_0.91,1233.78,0.075885,0.499414052,0.000404784
Glycerol_0.92,1236.36,0.07592,0.535390088,0.000433037
Glycerol_0.93,1238.94,0.075955,0.573957712,0.000463265
Glycerol_0.94,1241.52,0.07599,0.615303611,0.000495605
Glycerol_0.95,1244.1,0.076025,0.659627925,0.000530205
Glycerol_0.96,1246.68,0.07606,0.707145206,0.000567223
Glycerol_0.97,1249.26,0.076095,0.758085465,0.000606828
Glycerol_0.98,1251.84,0.07613,0.812695283,0.000649201
Glycerol_0.99,1254.42,0.076165,0.871238999,0.000694535